,Date,Holiday
0,12/31/10,New Year's Day
1,1/6/11,Epiphany
2,1/7/11,Orthodox Christmas Day 
3,1/13/11,Stephen Foster Memorial Day 
4,1/14/11,Orthodox New Year
5,1/17/11,"Birthday of Martin Luther King, Jr."
6,1/20/11,Tu Bishvat/Tu B'Shevat
7,1/29/11,Kansas Day 
8,2/1/11,National Freedom Day 
9,2/3/11,Chinese New Year 
10,2/6/11,Super Bowl 
11,2/14/11,Valentine's Day 
12,2/16/11,the prophet's birthday 
13,2/21/11,Washington's Birthday
14,3/1/11,St. David's Day
15,3/4/11,Employee Appreciation Day
16,3/9/11,Ash Wednesday 
17,3/17/11,St Patrick's Day 
18,4/17/11,Palm Sunday 
19,4/18/11,Boston Marathon
20,4/22/11,Orthodox Good Friday 
21,4/23/11,Holy Saturday 
22,4/24/11,Orthodox Easter 
23,4/25/11,Orthodox Easter Monday 
24,5/30/11,Memorial Day
25,6/2/11,Ascension Day 
26,6/19/11,Father's Day 
27,7/4/11,Independence Day
28,9/5/11,Labor Day
29,10/10/11,Columbus Day
30,11/11/11,Veterans Day
31,11/24/11,Thanksgiving Day
32,11/25/11,Black Friday 
33,11/28/11,Cyber Monday 
34,12/24/11,Christmas Eve 
35,12/25/11,Christmas Day 
36,12/26/11,Christmas Day
37,1/2/12,New Year's Day
38,1/16/12,"Birthday of Martin Luther King, Jr."
39,2/20/12,Washington's Birthday
40,5/28/12,Memorial Day
41,7/4/12,Independence Day
42,9/3/12,Labor Day
43,10/8/12,Columbus Day
44,11/12/12,Veterans Day
45,11/22/12,Thanksgiving Day
46,11/23/12,Black Friday 
47,12/24/12,Christmas Eve 
48,12/25/12,Christmas Day